x1,x2,y
-2.201441286,-0.468864188,-30.35561657
-0.291041463,0.777276964,25.56033383
-0.327754917,0.040071457,32.79752633
-0.075650471,1.821915098,72.73457703
-0.8624933,-0.467493174,-48.07235551
-0.382008956,0.676460732,25.77006008
-1.279161107,2.346647031,54.19684138
0.802456396,-0.268003371,1.106910476
0.197181055,0.098667454,-2.205196106
0.355481793,-1.768538451,-62.6460542
0.500992232,-1.375184479,-41.98470425
0.599039526,1.045023376,48.84919507
0.433107953,-0.937880231,-34.04160036
0.476031383,-0.565497806,-35.66987992
1.988731919,0.198989494,44.68533387
-0.416499082,0.960047741,7.733608382
0.016338084,0.067492257,-15.47262568
-0.680178204,-0.118164045,-11.31135505
-0.175316402,0.930408496,41.89840983
-1.466424328,-0.813364259,-55.82604262
-1.263068349,-0.932740911,-31.05007913
1.26498333,-1.348413088,-55.65668043
-1.051390399,-0.103212751,15.41568534
-0.323457472,1.315137666,36.62313823
0.0114989,-0.011145612,17.15009505
1.064585136,-0.361599281,-43.43332122
0.093953229,-0.130106954,-6.623840725
1.21114529,-1.045253366,-47.6857926
-2.739677167,0.943046087,42.15364547
0.239033601,-0.04932407,-11.70706559
2.04207215,-0.993361375,-57.11792201
0.59346592,0.041082226,-18.45490703
-0.315603123,-1.04059923,-47.62657952
-0.826438539,-0.744754822,-41.47256179
-0.186709112,0.990909174,40.24922783
-0.887780137,-0.762114512,-14.71036942
-0.239379178,-0.369181838,-41.99470097
-0.655545029,0.112557531,18.09732887
0.238200192,0.817861831,59.00968238
2.41245368,-0.502816701,-44.15687518
-1.084036621,-0.219541028,-17.70680295
1.367414982,-0.104979701,-12.01229894
-0.637840556,-0.428702066,-20.26965616
0.777604138,0.067516857,-12.13198531
0.410598502,-0.103218852,-39.31885875
0.201479947,0.228053325,22.72585508
0.001248456,-0.78910218,-82.20153544
-1.180632184,-0.510805138,0.870561167
-0.956258422,-0.531993809,-36.86376072
-0.393153195,1.774658561,56.65435463
-0.608101257,-0.048344624,-15.03459682
0.003222216,-1.591447875,-77.12155761
-0.073924666,2.696224053,104.5033219
-0.369801166,0.23958276,-0.491893833
0.407461836,0.672294757,32.10683052
-0.73793178,0.498726958,14.898194
0.339964984,0.931848374,31.25024784
-3.046143055,-0.392388998,-15.31911223
-1.641348609,1.390533967,43.34752462
2.380745351,-0.035768072,0.853886679
0.852551939,1.466578716,37.34101193
1.51826117,-0.24201983,0.220600229
0.949246474,0.330576756,12.23761161
-0.839124191,0.850530684,28.54225732
0.156703855,-0.364693544,-2.032517118
-1.378083467,0.308331246,35.09456236
1.833435362,0.141806639,11.18714657
-1.775888,0.402625531,0.658281562
0.694749144,0.691538751,16.36821472
0.33510562,-0.584093547,9.401405036
-1.19809288,0.809180297,41.87526145
0.105719995,0.447024157,36.05490275
-1.567767724,-1.632634526,-63.28506142
1.257219651,-0.855240457,-40.27807424
0.225840479,0.960557224,54.75192669
1.536377054,-0.692049848,-25.85277042
-0.59464977,0.602707656,39.5355465
1.117016288,-0.912822225,-36.19004677
0.656390751,-0.868862547,-39.48930504
0.246147789,0.528943618,-4.5167561
1.042977595,-0.522619416,-20.42561021
-0.256316894,0.599369373,0.647716453
1.412327706,0.936742464,5.4992209
0.684501107,1.732721187,73.51082757
-0.298323169,0.825372232,19.44280892
0.456363363,1.421975559,74.82340121
0.527597383,1.008597287,33.002733
0.531974639,-1.548254323,-56.38486784
0.93610755,-0.480249035,-36.93888925
-1.5415874,-0.856549308,-37.76634227
-1.726282602,-0.813146282,-9.108572211
-0.410049693,-0.944446256,-41.3498069
1.009711855,0.384323405,-13.55823338
0.088422087,0.523891024,17.59824064
1.30184623,0.689818165,17.94575112
-0.255470786,0.150818206,-22.40601612
1.414874136,-1.312849675,-10.40400694
-1.454365675,2.269754624,86.39393738
0.359249157,0.505386939,32.24084688
0.269904355,-0.569312053,-27.74073573
0.386902498,-0.895466561,-37.80539983
-0.437820045,-1.147468652,-36.97492221
-0.695835119,-1.83002855,-92.56433932
-0.390392694,-0.625027391,-19.56550705
1.46935877,1.532779214,84.15911176
2.198296339,0.010185519,10.40390642
-2.534554462,0.665967146,0.210355393
-0.730357096,0.968744393,24.50486463
1.576298973,0.099204863,3.928993348
0.715938893,0.542610783,11.28610911
0.796672108,0.690429024,45.85147098
-0.602331854,-1.014825908,-28.3765121
-0.766704855,0.001471,-0.416528363
-0.47728627,0.355703516,23.51666778
-0.453385804,1.068509399,-1.24809752
-1.373053536,-1.606439689,-46.60685175
0.949405524,-0.403188307,-13.55858811
1.114924559,-2.437564359,-73.218168
-0.888971358,-1.681218215,-59.34329635
1.794448805,-0.161373536,0.472989453
-0.446836254,-0.061743301,25.34930162
0.729346346,-1.692370437,-50.02625518
-0.024549424,-1.102230191,-49.80230035
-0.56431791,-0.679593043,-31.71905082
1.041568389,0.154668834,-26.32671277
0.962341745,0.457309647,6.576165307
-0.812992989,-0.719604389,-10.05023156
1.801213991,-0.815275661,-25.87943523
0.777490356,-1.25279536,-59.2032116
-0.144566817,0.3595044,24.95964169
1.588530691,0.390364944,13.61870142
0.376876521,-2.004215715,-97.82119452
-0.30224973,-0.224258934,-16.4074154
1.054324975,0.018627371,19.50248795
0.54100822,-1.317717343,-36.34127962
-0.302302751,-0.387326817,-16.38763316
-1.550014189,1.64850401,37.40245051
-1.297379656,-0.073119646,12.51754155
-1.149554063,-0.603839553,-32.2059184
0.251484415,-2.28862004,-88.92332314
-0.860153385,-0.46744101,-22.06411481
-2.772592756,0.399046346,62.92316992
0.085951973,-0.454080363,-25.89906985
-1.31839587,-0.067275609,22.61192669
0.003770889,0.698457149,13.41260731
-0.822828324,-0.612625739,-45.65348353
1.543014595,-0.739562996,-11.83656259
1.859346334,0.045165856,30.74571166
-0.468476045,-0.401557544,-24.57292532
0.307264781,0.3191184,13.76289887
-0.629650427,-2.17893152,-99.92914061
-0.651025593,0.856830612,61.1819119
1.696181573,0.448195284,7.350923
-0.803850404,-1.300346832,-76.23735743
0.439042958,0.543311891,40.47115131
-1.099400791,0.376425531,26.58765525
-0.477974004,-1.84306955,-49.64164588
0.189499638,3.170974773,141.1235076
0.608962342,-0.361113135,30.92075603
1.454273507,0.144043571,-2.451732989
0.097400166,-0.310886172,6.370745371
0.445393251,-0.21694957,-17.71054006
-0.269389778,-0.77429508,-22.13637287
-0.948932811,-0.039267991,-16.23615491
-0.252710672,-0.344196456,-3.059773863
0.994394391,1.738872677,44.07385425
2.23201639,0.027509702,7.409424332
1.123905306,-0.276822995,-27.50207841
-1.048170407,0.607111672,32.53800408
1.054757925,0.250998116,31.46922455
0.499498233,1.267411655,85.51842804
-2.655619093,0.862596011,49.92103576
0.769430178,-0.162218448,-9.111652875
-1.214077403,-0.687837611,-58.86622516
1.849263728,-0.435153552,-28.55521635
0.401499055,-2.239604059,-98.91340223
1.151733975,-2.777359145,-123.4622629
0.608843834,0.286343689,19.42509707
0.82461822,-0.18375573,-16.26564984
0.097896145,0.452489093,25.13039169
0.097219232,0.214965591,-22.66487792
0.117090872,2.320799839,127.7280519
-1.391505269,0.934179748,50.17411674
-0.358114075,-1.147610945,-55.56924357
0.279095764,0.463130329,25.41723338
0.922206672,0.61407937,61.5311619
2.290467071,0.540123026,41.38956399
-1.405560047,0.131573968,27.99924895
-0.421327587,0.768770644,62.67331889
0.002571182,-0.483249542,-41.16424824
0.032808748,-0.749690345,-37.17203496
-0.074804983,-0.496102334,-38.42237267
-1.210542994,-1.444940199,-58.18991606
0.417318821,-1.550429345,-72.67604922
-0.155010093,0.947251968,11.92842665
-1.446940335,-0.762361537,-46.48779488
-0.50703477,-1.557998528,-68.04933138
-0.130439734,0.770673054,51.69971702
0.327066209,0.832650739,14.28955515
1.99795608,-1.421919872,-60.65457369
-0.319328417,0.141953163,-11.36237661
0.087551241,0.949420807,-0.861604307
1.670943033,0.183339199,22.49991057
0.890671681,0.623453609,35.22917526
-0.531605908,-0.792286662,-14.07577867
0.625118656,-0.782366967,-70.29729623
2.132153411,0.234821526,0.404566778
1.471321956,0.364481249,11.42814126
-0.286887192,-0.042171451,-24.34705507
-0.309377593,0.284790599,26.28638066
0.063261994,-1.540797014,-15.48941638
-0.1162297,0.507238951,18.44243958
0.175818953,-0.66005632,-30.08774946
-0.470637658,-0.554309627,-28.37381628
-0.041400812,-1.359780726,-63.14481814
0.318727653,0.920858824,21.58276597
-0.410381794,1.401344831,53.1714686
0.172504416,1.15418403,80.85017728
-1.471835007,-0.985510738,-41.00900026
1.45871475,-1.60473853,-58.93551746
0.76691967,0.985317509,67.76489095
0.487972683,0.831351058,66.84964557
-0.172200793,1.32435875,33.79044389
-0.657951045,1.011842433,64.96578718
0.400530685,1.103693957,56.06578259
-0.460719787,0.666383082,5.533778706
0.022959756,-0.852585847,-12.21176145
-0.821534517,0.082611032,-16.27640492
0.044022276,0.297514354,16.79087301
0.079121724,-0.045113304,-17.74452042
-1.495679516,0.704111022,25.27598256
-0.008209882,-0.326560978,-17.67693336
1.336527949,2.163235949,57.26516128
1.077743806,-0.13370156,-11.67817436
-1.544771097,-1.000215347,9.193826603
-0.108003837,-0.528670659,-31.65302783
-0.085614954,0.983636196,34.22009647
-0.57891814,0.038118,-1.772754713
0.196557401,-0.729044659,-38.65570065
-0.271771566,-0.128241974,8.689947545
-1.159420516,-0.395228983,-35.16631633
-1.368245095,-0.839632447,-61.82344793
-0.506816354,-1.188859258,-32.47813057
0.976639036,0.208274978,16.19629653
2.064492861,-2.030684468,-95.91218817
-1.347759061,1.883150697,64.69830979
1.742668781,0.284279671,-5.861635024
0.078211181,0.217179633,21.70554846
-0.134132783,-0.169758294,5.331844586
-1.406104771,1.209850126,43.23285796
-1.610878403,2.116791021,93.23954658
-0.804753741,0.863519658,8.850164357
-0.539454633,-2.016406628,-95.63590474
-0.398148129,1.355442703,45.84224577
1.329062847,0.960693398,3.92610345
1.276075346,-1.298686722,-34.5456271
-0.263937349,-0.055352548,-8.842668715
0.390093323,1.955912308,87.01452728
-1.980565591,0.131911756,8.461278164
1.569259615,0.012231984,-15.49224711
-0.349943365,-1.029935283,-5.226752555
-0.523250943,-0.480242042,-30.6960353
0.943260725,-0.704700276,-12.70593735
0.587259379,0.812674042,13.55096702
0.900826487,-1.165149841,-52.70331449
0.096321356,0.163928572,5.869308122
-1.374951293,-0.353993911,-8.813698118
-0.34804638,-0.255957669,-15.53086318
-0.800082476,-0.40123471,-9.136784427
-0.179924836,1.178779571,37.16470678
0.487015326,0.493644088,14.80783686
-0.707505698,0.67057045,8.297340862
0.75746833,1.866683148,44.45263838
0.192753849,-0.919113445,-6.625009408
-0.52164151,-0.813595997,-36.93449301
0.097750802,0.197828168,-23.70223896
-0.987286693,0.596906481,-34.52161838
0.173711853,-0.528869854,-36.87446441
-1.119628234,-0.723928704,-34.95422167
-1.348424319,-0.957147473,-22.62158677
-0.51029274,-0.386870847,0.180282873
-0.298759601,0.699136154,-19.20470846
1.659550796,-0.684010898,-18.74498827
-0.36385881,0.589879821,1.136964062
0.323625765,0.017515613,37.18964905
-1.022506844,-2.255564229,-111.0480512
-0.092112115,0.031267547,6.035240403
-1.401347293,-0.817493098,-19.55511547
0.820247837,-1.054628464,-23.37129825
-0.114225551,-1.079343166,-28.80548067
-0.137779214,0.319431833,11.68198389
1.094638375,-0.788669255,-13.22849653
-0.593777448,0.018791792,-18.73051891
1.329141283,0.165863523,-3.506250459
-0.268372735,0.764497453,67.89754111
-1.641703229,-0.730873586,-26.11330325
1.785870494,0.010500021,21.59006745
1.079618592,1.152331565,36.08387841
-1.884585845,-0.545711974,-16.25718218
-1.416906113,-0.466845546,-36.08291504
-0.233466662,-0.309114445,-4.909856081
1.563404745,0.161559267,-10.26162525
0.142061805,0.370825001,34.25450085
-1.661598291,0.772694837,-1.877204747
-0.145274457,0.330532743,22.62299167
1.936712462,0.403896021,16.49474777
-0.09024385,2.149574535,102.4221178
-0.857078189,-1.043129498,-22.25126666
-0.793117363,-0.960504382,-64.24242652
0.950833697,1.054177909,39.65177302
1.412151698,-0.923912016,-24.63282447
-0.581268477,-0.347450652,-7.367228639
0.720033759,0.010349315,-13.2519421
-0.293485055,1.740629446,48.90177857
1.462214171,1.431567757,36.23379422
-0.585431204,-1.279689173,-110.2746765
1.695969533,2.488441614,98.3071007
-0.214166656,1.849591247,100.3215073
-2.559184666,1.078197304,57.95817554
0.906044658,1.86755896,118.418542
1.614249547,0.22734595,-23.49490182
-0.525640593,0.936398544,60.83816766
-0.026192237,0.498052405,-4.468285224
-0.107305276,-0.061626402,-1.553466114
0.101407147,-1.005311872,-48.32450677
0.243168215,0.77083696,12.43901325
-0.946740411,-0.83519269,-15.42495312
-0.792115021,1.712305221,94.60230984
-0.438074302,-0.509652182,-2.012270415
-0.326318462,0.512836458,33.04488171
-0.152774424,0.352816606,-10.40621468
-0.547518101,-1.109477554,-56.50867571
-1.18388064,0.773252977,24.7258617
0.190311558,0.367544896,17.24361376
0.428331871,-0.028182228,-3.71453778
0.77905122,-0.36343778,-30.56534324
-0.689449185,1.364531848,38.50047315
0.056165342,-0.311552532,18.80439043
-0.324730265,-0.02852887,1.989291781
-2.047323613,1.030438267,13.86034547
0.620358298,-0.479655814,-39.72076133
1.12778363,0.241203964,-2.405751301
0.303603904,-1.824256656,-40.70260723
0.37816252,0.154947426,25.7595162
-1.744187757,-0.448767013,-30.65182135
0.785803827,1.411172064,65.95913613
-1.051880103,-0.507517602,-39.93049868
0.302471898,0.066517222,-3.43070178
0.213017167,-0.659942705,-27.12190912
0.078514025,-0.653284702,-65.58776148
-0.109882779,-0.202896841,-17.20235606
1.405365439,-2.115056015,-89.88583346
-0.518900204,1.117305316,62.78997188
0.329622982,0.223843563,9.789949012
-1.153950364,-2.582796633,-86.15421636
-0.094392506,0.466379574,39.53753477
2.02347195,-0.34978218,-15.81938685
-1.050653837,-0.099008311,3.166964036
-1.140196301,-1.177628962,-81.32800461
-0.059928003,-0.388154192,-49.60064688
-0.408014709,0.252803505,33.52020499
1.079194728,-0.023423105,-8.232073962
0.064856106,1.224870564,43.84309909
-0.345981776,-0.955945,-46.7374693
1.318551018,-2.158068564,-79.44015102
0.379151736,-0.017020414,1.733067663
1.017020991,-0.938981573,-73.59114319
0.404761812,-0.13190864,21.04864576
0.049857267,0.687881391,38.2112628
1.426316861,-0.971170665,-25.12982776
-0.988001942,-0.104343491,-7.906572942
0.679974844,-0.704921353,-36.43803979
-0.22007578,-0.799913623,-27.85035248
-0.952644953,0.16066119,-12.82104216
-0.552540673,1.021790586,34.04768575
0.544144752,0.954189581,25.63945248
-0.370242441,0.466166426,2.349706071
0.66325809,0.348169235,-1.573455777
-0.036883531,0.030546581,-24.24938089
-1.520039285,-0.598150453,-25.08267963
-1.616474189,-0.353431749,-19.79081642
0.020334182,-2.364173817,-88.50274254
1.029438829,0.771405949,34.96658247
-0.425542213,0.027762132,5.527329665
1.389145316,0.225581664,-7.620574186
0.051820389,0.677462169,25.45665123
-0.858919908,-0.22247701,18.8598964
-0.355028731,-0.300478786,-3.280178205
-0.466419097,0.786327962,63.65550238
-0.807648488,-0.185053671,-16.22929092
-1.016738649,0.227392775,-2.938142596
1.426158752,-0.455825348,1.109374242
-1.309412146,-1.482883358,-42.35899129
0.051945396,-0.907298364,-22.12196768
0.232181036,0.156506538,-8.595580392
0.104714029,-0.422314824,3.686648484
0.328301295,-0.860262452,-32.86956202
0.396086585,1.422983497,43.26143201
0.823504154,0.771790551,41.61755098
-0.65989173,-1.951804101,-61.75199985
0.346494442,1.145262173,40.18658657
0.393062934,0.219509556,26.05888425
0.40520408,0.940917615,22.3744537
1.922324755,-1.422794909,-65.76996971
0.968882639,-0.657926093,-6.698730065
2.021043561,0.338904125,22.11027525
-0.101281486,1.327782696,61.68674685
0.40326454,-0.453804041,-15.81525814
0.252496627,-0.91800477,-73.35314493
2.339624806,0.045134015,3.727373505
-1.208573654,0.213480049,28.83027742
0.172339139,-0.832186034,-47.80454049
-0.599224277,0.435546159,8.011104526
0.379235534,0.351780111,16.17673751
-0.461584605,-1.315907411,-43.37809731
-0.448465006,-0.589228987,-18.47164009
0.545657323,-0.356871528,-9.129560084
-1.676003806,-0.309012969,5.08656078
-1.47931598,-0.120406639,-5.901014774
1.149379383,-0.430461912,-34.30143494
-0.362741166,-0.634322094,-26.05430857
-1.506998398,1.285984007,60.84448507
-0.082034153,0.018922104,5.776023488
0.055492225,1.455807952,27.56729768
0.0941923,-0.198398897,17.40728207
-1.81807763,0.540773585,55.76888648
-0.132988422,1.754986154,70.94770011
-0.178589092,-0.930156503,-17.98304284
-1.96862469,-1.332211655,-72.94096423
-1.168093498,-0.039282818,21.27962924
0.298977456,0.055171355,-8.361470425
1.13307988,-0.131054012,2.345760384
0.278081048,-0.060287534,16.07226811
-0.821549826,-1.006036858,-20.55852578
-0.216343978,0.156476257,11.41858219
0.821405937,-0.014857703,29.8648475
-2.320594276,0.286904488,0.238497135
0.678380099,0.936129148,34.04229039
-0.521189312,-0.6522936,-35.54082526
-0.887180942,-1.601836049,-44.93413464
-1.079931508,1.126635922,76.63823743
0.164227755,1.648134932,52.90906556
-0.443836093,-0.384645423,8.518003747
-1.31097037,-1.141901419,-48.71716413
-0.564301033,-0.085115603,23.6853045
-1.006365522,0.215240468,35.17263629
0.607992509,0.246648955,-19.50113738
0.25871644,-0.074667978,13.87049485
1.013972154,-0.957158098,-61.07915351
1.435049387,0.275600674,-22.0832249
-1.826911378,0.876726774,12.39760839
1.054451727,-1.070752622,-15.37192433
-1.077099069,0.074586407,9.399894927
1.397896261,0.239145581,-17.96111086
0.052165079,-1.104383339,-44.26511938
1.124419185,-0.591402668,-23.65883706
-1.781562856,0.195069697,14.71655016
-0.809626576,0.859104193,32.91262222
0.676908035,0.426258731,-2.658297378
0.400157208,1.764052346,52.90752773
-0.316655295,-0.401297805,-22.06647037
-1.791327548,-0.365055217,-25.4312828
0.211497013,1.265077838,40.40008117
-0.067134155,-1.632423302,-68.97521224
0.508067909,0.966768011,42.09203854
-0.09815039,0.279924599,38.80634912
-0.539132637,0.755740289,46.20453073
-0.303098253,1.385261547,77.19151413
0.880937561,-2.99461286,-143.7168791
0.381416254,0.098377907,-24.48245338
1.943621186,-1.173123405,-61.00351181
-0.678095461,-0.206944711,-24.26592539
-0.840290395,-0.311976108,-5.908985315
-0.913079218,-0.222605681,-31.397476
1.714831609,0.466290044,25.27139672
0.597212504,1.001331017,73.67664889
0.028620504,-1.259787343,-45.01934681
0.411334243,-1.808143926,-86.60074953
-0.56157875,1.608522156,42.86329031
-1.317174789,-0.27120734,-1.160141383
0.158433847,1.401523416,59.68817855
1.298021972,1.100284338,55.99563883
-1.829740411,0.453781913,20.31758175
-0.590057646,-1.405962916,-65.23180927
1.548066801,-0.796775306,3.084174121
0.635424527,0.879389942,82.94016887
0.336015743,-0.035742734,3.528107898
1.65813068,-1.306526852,-67.23668977
1.895889176,1.488252194,64.1007778
0.531178367,0.82455722,36.90014542
-0.086455283,-0.163254949,-4.807306206
0.436638475,1.808131811,115.5926472
0.539249191,-0.769916074,-83.82776328
-0.375222401,0.73242401,-12.18304871
0.246602186,0.420918284,11.49122519
-1.429991259,-1.03148246,-59.4187133
-0.898942156,-0.858972388,-72.40987978
-1.263172912,-0.340692344,22.09018903
1.8227236,-0.851729197,-9.048364464
-0.912783494,-1.945703083,-110.0125008
0.314817205,-0.97110457,-45.51096788
0.335844721,1.40284474,54.45625583
-1.536243686,0.46566244,-4.139186248
-0.888720257,0.242117961,18.20229948
1.049093188,-0.156023891,4.384062255
0.128982911,0.729090562,38.6923967
0.41287082,0.289120505,17.20848347
0.651781262,0.338225474,23.14204113
-0.317543094,-0.058586551,-18.50538366
1.301428072,-1.179157931,-56.15896398
-0.747454811,-0.413618981,-37.46964831
0.696438673,0.192728996,21.18836031
0.37775917,1.631597428,104.7909808
-0.390953375,-0.652408582,-51.53076861
-1.214401383,-1.139008193,-13.6308852
-0.200808514,2.680570841,114.5899799
-0.438474458,-0.305952575,22.23272404
-0.192841829,1.221384959,56.50844413
1.25916713,-0.062053126,8.812113607
-1.980796468,-0.887785748,-35.0525083
0.882056599,-0.772771883,-7.978622369
0.370055888,-0.399449029,-30.05383626
-1.18468659,-0.521579678,19.07990608
0.025405208,-0.535270165,-25.76428717
-0.397271814,-0.637437026,-39.31833476
-1.341496726,0.611927193,66.41907175
0.047066095,-1.146000427,-64.57244454
0.317218215,0.910178908,32.19095243
-0.379147563,0.115147873,-0.047723479
-0.216731471,-0.470032883,-27.034884
0.806563768,-1.684517255,-90.3493741
1.201697856,0.406657087,37.39528852
0.616459313,1.296149868,33.63634296
1.547031497,0.212587046,22.70381812
-0.057042868,0.917221542,21.45903784
0.867276629,0.051574943,-14.94443206
0.767902408,0.037005722,0.565281196
-0.297790879,-0.132880578,0.111678556
0.610379379,-1.582938397,-84.52374568
1.713342722,-0.068241605,-7.387718855
0.468304908,2.153119793,106.5308603
0.588742407,-1.730276062,-74.423092
1.574371237,-0.208285103,-1.149793856
-0.854095739,0.313067702,21.5458742
1.398562092,-1.649216974,-55.43508594
-0.959255393,-0.370164165,-29.08368731
0.531042507,0.206690512,6.838657783
-2.069985025,1.494484544,56.38510639
-0.077854756,-1.018041875,-42.88312572
-0.246793558,-0.239296591,-47.87224348
-0.390797996,0.252331431,-4.891340617
-0.761573388,-1.347925423,-61.29859939
-0.968186064,0.480424496,22.64254359
-0.126569332,-1.664172985,-74.55750672
-1.097496655,-0.41747735,37.75335039
-1.102906213,0.71998373,49.87811539
2.759355114,0.481115126,24.33579022
-0.18718385,0.045758517,4.857556085
0.54832813,-0.89581576,-8.783154714
0.527004208,0.008627899,6.325325857
0.148449581,0.476898369,28.41878004
-0.14963454,-0.69456786,-2.676219906
-0.052567296,-0.596314038,-26.21150984
0.493836776,0.049494982,1.666531061
-0.042257152,2.259308951,65.2942995
-1.962732009,-0.896369723,-40.99371138
-0.400986158,0.460794328,32.19428991
-1.353388858,-0.347961856,9.98394536
-0.069641578,0.030601824,53.82717113
0.439391701,-1.491257593,-38.13697454
-0.649337928,-0.448165363,-10.77640404
0.774728319,-0.510926181,-0.520070988
-0.464337691,-0.803141387,-35.25657773
1.199736176,0.873311836,62.96785833
1.525957561,0.246766024,-3.909951406
0.16464381,1.040086245,51.54128033
0.356292817,0.766663182,5.842316052
0.540094461,0.434807958,30.5117891
-1.093061509,0.396006713,-21.06705585
-0.589632042,0.339059256,-11.24868953
0.371811081,-0.457640594,1.127979663
-0.21274028,-1.613897848,-82.37943342
-1.582685642,-1.44657789,-101.4670974
-0.878190343,-0.241337791,-14.4437574
1.037585667,1.392518449,15.83200698
0.8640523,-2.369586905,-112.4427043
0.099454457,0.021062021,38.13303537
-0.60829115,-0.740866704,-32.54341209
0.28005786,0.459584905,11.25069131
2.240893199,0.978737984,35.2151608
-0.193176702,0.406415494,-3.502639279
-0.110389299,-0.782629156,-52.83086516
-0.259576982,-0.276432845,-4.977861891
-0.71130636,-0.324934958,-1.555937768
0.326962595,-0.667720286,-43.62864795
0.676433295,-0.635846078,3.384384656
-0.589579923,-0.976895387,-45.90803844
-0.945615796,-0.370704003,-3.072653995
0.135454663,-0.857702623,-14.89308703
0.171243545,-0.647053526,3.850838441
-1.420017937,-1.048552965,-36.48208103
-0.307691277,-0.566439854,-8.19026027
-0.436748337,-1.032643102,-34.32869206
-0.151357208,0.950088418,38.92769627
-0.831957493,-0.159939788,8.815681351
1.312470367,-0.897400927,-60.28481545
0.005292646,0.821585712,32.01940367
0.616886554,0.354757693,9.539414824
-0.761492212,-0.291837363,-16.19129894
-0.072287008,1.028935493,54.90968186
1.769921388,2.52636824,120.750147
-1.776388616,-1.638423626,-67.52408909
1.950775395,-1.706270191,-40.50185612
0.418398011,1.433352503,83.89638911
-0.535914562,-1.380430752,-31.60161981
1.496139637,-1.490265388,-56.37855134
-0.774458969,0.77416061,37.38319811
0.524917864,0.269024073,6.965227145
0.996759643,-1.133592826,-17.05503847
0.558081881,0.926558301,55.46732925
0.944479487,2.383144775,95.27480814
-0.267594746,0.942468119,43.51105009
-0.404032294,2.594424588,112.2778027
0.481481474,-0.463595975,-10.06887265
-0.391217052,-0.057469518,-10.65610014
-0.708385052,0.275666549,28.40273051
0.568007359,0.215553054,23.0260533
1.216577714,-0.495795495,-25.24094592
-0.829964598,-0.424663302,-9.256941091
0.477068092,-0.968082118,-59.16277309
2.243601895,-1.582494478,-60.46369056
0.308751242,-0.114775325,-26.26469321
1.374964066,0.895260273,-9.206011737
0.782578881,-0.397912099,-64.26473835
0.24078751,-0.7994224,-11.80445291
0.512717523,0.038127384,23.33133067
-0.79550055,1.578865194,51.24686016
-0.382025449,-0.143579512,-3.259248391
-1.060015823,2.303916698,62.81383043
0.30198921,1.669250806,49.74098828
-1.226196192,-0.375147117,-36.34507821
-2.123890018,1.484925599,68.57523433
0.521303748,1.489355962,21.80609399
0.238103148,-0.944368491,-14.25800517
0.183450254,0.026738383,-47.89944448
1.929532054,-0.498032451,-37.30932443
0.800297949,-1.4465347,-46.68793299
-0.815791542,-0.505358317,-37.9903108
-1.570623409,0.643314465,52.34912073
1.104578474,0.73035179,24.94733991
0.267050869,-1.29285691,-19.32443947
1.243319384,-0.932789042,-47.11586162
-0.171546331,0.523276661,66.0228459
-1.616956044,0.640131526,-35.44867212
0.588224929,0.643054545,69.35561204
-0.272131756,0.886491539,35.36760332
0.078260175,0.800564803,47.37221422
-0.222675101,0.567290278,47.42967387
1.736774957,-0.778183521,-16.60647677
0.754095664,1.761266127,67.02375046
-1.063432938,-1.797455804,-90.93698993
-0.99621264,1.034409886,54.27037425
-0.279296669,-0.489725022,-13.46222703
-1.188944955,0.747188334,37.97591952
1.735878998,0.468385234,18.26331679
-0.401780936,0.177426142,59.27262292
0.404695456,0.536596521,-0.27776722
0.121675016,0.761037725,38.997632
1.297825267,0.365848788,41.39413755
-2.086634979,1.257744217,32.48570487
0.875695679,-0.469310736,-22.09889089
-0.211205984,2.451229719,99.91118279
0.655263731,1.099659596,55.48213261
-1.998639476,-0.289005211,-11.51754285
1.910064953,-0.861225685,-71.89953326
1.480514791,1.922942026,78.27451776
0.969396708,-1.270484998,-46.85683228
0.708695273,1.021224743,-23.1843017
1.55224318,-0.600657558,-4.054778079
-0.711040597,-0.060362494,-11.6168994
0.450934462,-1.755890583,-57.09600806
-0.009657237,0.400885679,-7.034384601
0.349654457,0.578521498,21.08416138
-1.530803497,-0.033319283,-2.105910819
-1.714046116,-0.20035348,13.96215196
0.547480572,0.422580372,21.58061629
0.784957521,-1.139802455,-52.74795516
0.645055273,-0.532489919,-16.81012181
-0.509843242,1.370989006,41.9885982
-0.493319883,-1.424060909,-71.14072887
-1.777666955,-1.502396569,-29.12229212
-0.03529674,-1.116949554,-50.71178673
-0.277391392,-1.509661606,-64.77148905
-0.631191942,0.62251914,0.361185562
0.307732575,0.207270747,0.016860526
1.473764815,0.885187541,7.760921726
-0.998191728,-1.004322712,-37.60197732
0.205332564,1.325014053,82.67100476
-0.272276101,0.068599227,-29.24659734
-0.824409121,1.618054269,49.76229173
-0.196233965,1.966763972,50.18511725
-0.463021754,0.06763423,21.30447327
-0.24945858,0.841631264,1.897751727
2.225944332,0.330035115,45.5953536
-0.616121123,0.447212087,58.50113964
-0.854161261,0.033089751,25.46283589
-1.22763642,-0.142687712,-6.07327779
0.895555986,0.605120084,20.29765004
0.387280475,-1.698105819,-43.80422499
0.886864687,0.007617498,-6.013865428
-0.97727788,1.86755799,56.31161439
-0.030936257,-1.104616598,-47.43784047
0.589703606,-2.011880319,-107.3203812
1.797539387,-1.723228251,-41.87062475
-0.424317621,-0.908763246,-56.53890855
-0.182244784,-0.261645446,5.582762915
0.382202788,-1.451905529,-86.81256227
0.333674327,0.443863233,7.420625832
-1.566994711,0.039766735,-5.518213896
1.681576716,-1.006831752,-44.80545521
-1.648046206,1.685792303,73.01425659
-0.500409667,-1.194986805,-77.47363602
0.462782256,-1.630198347,-66.06926852
-0.491730108,-0.015779217,-19.11244141
0.017479159,-0.455532504,-1.436735849
0.415400626,0.284314519,34.12344739
-0.730677753,-1.126825809,-16.8432622
0.701041341,1.015665282,68.69939306
-0.514233966,-0.658552967,-32.13117282
-0.325669469,-0.848320523,-26.49583429
-0.134822451,-1.626321938,-42.90433868
0.058925589,0.814519822,47.48401495
0.094351589,-0.384879809,-43.34559096
-1.128011331,-0.267733537,-7.741696684
-0.149891592,0.430771135,56.57381939
0.401989363,0.126912093,-12.61774985
-0.278914275,0.817977607,19.83570997
1.171041065,0.389093969,25.30800399
0.662074289,2.171164949,101.9606639
-0.115107468,0.875832762,31.24352299
2.642935721,-0.91965069,-26.9002286
0.024612125,0.723100494,38.98271427
-1.346717506,-1.334258471,-51.128345
-0.721431296,-0.332102277,-29.16348875
-0.021869909,-1.36475823,-64.26039388
0.066060262,-0.155035808,8.560525361
1.326385897,0.298238174,-10.16379336
-0.964612014,0.457415606,6.051635235
-0.132568015,0.92379656,55.02961945
0.844454307,-1.584473563,-83.71737516
0.184181265,0.869006343,38.56449648
0.635031437,0.166673495,30.7707795
0.553132064,1.513328083,90.79523019
0.283769554,-1.212867816,-67.34328991
-0.631375988,1.081376034,42.16586309
-0.118170784,-0.029856122,-0.717682498
-0.511040464,-1.619359983,-39.22007285
-1.678688363,0.224252221,-29.5228606
-0.38548976,0.183925494,43.0413129
0.244443456,-0.947488595,-63.96905013
-0.709854182,1.26976475,43.14054799
0.829986159,0.296733172,4.033194044
-0.733312808,-1.638807307,-39.73472979
-0.121944928,0.013239768,-46.07399586
-0.907300122,-0.790523022,-24.43070277
-1.002668587,-0.990670931,-30.78249226
-1.067742011,-1.373042551,-62.51280728
-0.57578797,0.521064876,32.44408993
0.123721914,-2.094603071,-98.88857823
0.865652923,-1.370759983,-67.29625738
-0.709727966,-0.275670535,21.98387988
-0.978829859,-0.517519043,-31.47620046
-0.248419307,0.719668171,48.51361814
0.706573168,0.356366397,-23.19616928
1.081935218,0.19796729,10.6375945
-0.234215801,1.096346846,34.87510813
-1.084856059,-1.045524557,-54.9754847
-0.747473178,2.620573846,91.68034026
-1.115896986,-0.598653937,-27.11720418
-0.801496885,0.271170185,1.316234897
0.317885097,0.534201171,30.11091716
-1.383363955,-0.725597378,-31.21380431
-1.43273549,-0.061638052,4.945740229
0.276871906,0.868963487,66.70042016
0.844362976,-1.225435519,-70.56659804
-0.74216502,0.864436199,45.61525544
-0.683439767,-1.461732688,-55.89780875
-1.660699812,-0.110489405,-9.525909885
0.024290914,-0.341678098,-24.60815743
-0.591183104,-0.837678042,-47.25836903
1.307183845,0.677557034,18.23147335
-0.177813144,-1.892361893,-84.39338738
0.460814477,0.921408398,10.88510029
0.146304446,0.566545316,57.33579521
0.555786964,-0.765702194,-1.06159322
-0.940270236,1.561279599,63.01217874
-0.977464877,0.147434402,-16.24932024
0.194292938,-0.085930767,18.76792107
-1.188424422,-2.802202798,-123.5700889
0.265687975,-0.451303037,-3.71619801
-0.258572632,1.592770754,60.4361936
-0.205158264,1.494079073,45.00214683
0.158958674,0.239867106,33.269143
0.990121384,-0.839129403,-34.70533324
-0.091659408,0.105232137,-20.70485185
0.311447072,0.470433145,20.60990632
0.137689826,-0.753704466,-33.81307089
0.092447735,1.530932351,36.90447208
1.80224223,0.900054243,33.35662322
-0.663478286,-0.098452524,7.805729066
-1.134311594,-0.640725724,-13.56401278
1.136891363,-0.135949701,-20.26375109
1.702570152,0.189702612,-16.15271125
-1.838846604,-2.121176445,-102.5134315
0.416050046,-0.542861476,-62.87177702
-1.171160461,1.518759337,82.83788076
0.582224591,0.929505111,5.558627213
0.218397073,0.442846114,52.1181518
1.359948542,0.820321797,28.59150544
1.346221073,-0.972402889,-37.51070519
0.653618595,-2.552989816,-78.0248338
-0.357579032,0.456153036,20.06593534
-0.142445418,0.538329603,9.243006775
-1.656715102,0.038630552,11.44219127
-0.507234462,0.414091354,-17.93254775
-0.862267,0.50232824,29.01815253
-0.025798558,1.308668752,59.68955365
-1.158203185,-0.282195877,-35.03324285
1.020172712,-0.110540657,-41.77895891
0.997117981,0.324869616,28.28122933
2.190898013,0.086176842,40.19555765
0.14644077,1.404545515,35.49277872
0.606319524,-2.659172238,-119.2246273
1.047972156,0.498690275,36.54118699
1.297342089,0.193213553,-4.747156089
1.141101867,0.857923924,15.92810305
-0.050084094,-0.75787086,-32.56089848
1.419255046,0.08658318,10.2016668
-0.394849514,-0.190653494,-50.82417994
0.220507656,-0.045703961,-13.28271715
-1.958548955,0.159250468,38.47188678
-0.034242281,0.38273243,41.78255387
-0.159573438,0.693773153,44.73183164
0.181338429,-0.439189522,-3.934393486
-0.044595426,2.011256681,78.23700086
-0.208298756,0.576590817,49.69840798
-1.104123986,-0.808717532,-23.67629686
-2.245321648,2.497200392,153.9625543
0.096004205,-0.148766152,2.903567982
-0.684810091,0.402341641,3.190290015
0.938746876,0.087531471,-2.610744118
-0.740136791,-0.998848796,-52.61425772
0.96744615,-1.226621659,-36.42128226
0.992136829,-0.625557035,-9.0113989
1.719589307,1.519994861,38.63237727
1.68192174,-0.667712721,-14.44559108
-0.578849665,-0.870797149,-30.20679546
0.031830558,-0.674332661,-32.23878289
0.867407411,0.755395696,14.69934572
1.032989195,0.881131097,20.37294161
-0.890915083,0.274516358,18.85383099
-0.212523045,0.059894683,9.043675934
-0.537583369,0.523261739,50.65753804
1.090749734,-0.532702792,-38.74747445
-0.885966482,1.279812021,65.32134199
-0.877970617,0.870961782,23.91595065
-1.451338498,-0.922823315,-53.4989985
-0.555985032,-1.057473648,-15.9231953
-0.586320025,-1.252593342,-74.72135427
-1.794229271,0.050954277,-11.51719127
-0.675593828,0.844995603,-8.599594497
-0.689549778,-0.803409664,-7.904406952
2.133868247,0.972535789,23.9594219
-1.437791474,-0.764143924,-23.29124127
-0.739935853,1.342622011,30.95977218
-0.51002954,-0.173463897,-9.138681229
-1.844701164,0.013748487,13.14879909
-0.964606424,1.326461642,46.36406856
0.562989719,0.751946588,36.86286817
-2.834554505,-0.656463675,-24.25221318
1.238006936,-0.010056472,-12.80421292
-0.304963638,-1.217938512,-47.34881952
-0.794636321,-0.346249448,-4.719803421
-2.541238808,0.512916847,40.59935121
1.161533804,0.205086625,-5.052347288
0.47224715,-0.647181432,-17.45225915
-2.223403152,-0.643618403,-24.79763527
-1.157017281,0.192863956,-14.20946129
-0.359553162,-0.672460448,-18.26364348
-1.118311924,-0.805626508,-15.29096811
0.938092541,-0.36555109,-25.7903796
0.880178912,-0.206903676,0.1218671
0.432837621,0.775023263,34.2434382
-0.117474546,-0.687299037,10.89527391
1.297845791,-0.678025782,-0.807781657
-0.864044991,-0.40630313,-32.09238219
-1.098570728,-0.549498546,-47.79426053
-0.893574402,-0.719940532,14.73192556
-1.846531982,0.802051739,63.19555318
-1.284552298,0.564008535,-1.159242526
0.539161274,0.100581209,-8.165898582
-1.23482582,1.139400685,85.22053047
0.58295368,0.097724968,17.08795892
0.907698798,1.34803578,88.31210677
-0.01477722,1.905063641,43.4072117
1.202379849,1.230290681,59.73241942
-1.602057656,0.625231451,2.475505107
2.256723497,-0.157667016,-13.27562934
-0.670125898,0.554127578,35.84400079
-0.290397101,-0.696326654,-53.32567186
0.422628622,0.529045238,15.31605129
0.377910102,-0.168214223,-33.44581093
-0.406071796,-1.642965294,-57.81712831
0.271112796,-0.780304407,-21.15533525
-0.065488375,0.731658927,24.0156284
-0.910850378,1.148350581,43.73029894
0.910645672,0.29871366,-23.1726549
2.034762544,-0.338682185,18.71096181
-0.100393503,1.260568845,31.41492277
0.160928168,-0.015682112,20.12736401
-1.061222287,0.699380484,23.03066906
0.316942612,1.188029792,9.569407513
0.65726769,0.112737941,-4.952360508
-0.088375523,0.222463164,7.540741379
-0.116103939,0.493741777,-4.102478003
-0.020129104,-0.33379096,-32.46180162
2.540231621,-0.355951493,-7.760127903
-1.240216336,0.417800583,5.658022296
0.724368505,-0.405941727,-9.392601309
-1.201201519,-0.755462726,-30.67210204
-1.416603482,1.66060756,80.55184157
0.417043503,-1.203735192,-24.22456033
-0.312292251,-1.157355259,-42.01234525
0.681594518,-1.034242842,-30.79523119
-1.272558135,-1.481245962,-74.02600092
0.301514057,-0.756493529,-38.84812873
0.610391764,0.025385604,-12.95133153
-0.898321971,-0.983118184,-42.75667204
-1.563904635,1.117283466,21.13313284
-1.741022808,-0.291641986,-1.632052865
-0.306765776,2.014060155,84.10835511
0.178792866,0.441032907,55.11561972
0.153644461,-1.655344038,-95.32421992
0.084968137,-1.011774084,-31.78600481
-0.035095177,0.936445726,41.49646871
0.4497121,0.225608654,42.69123715
-0.050603541,0.199300197,-12.95679277
-0.23792173,-0.597316069,-12.43347416
-0.040018725,0.417853703,-2.640224179
-1.629583603,0.60413674,18.53789171
0.188778597,-1.936279806,-100.9033463
0.133912923,0.104907165,6.687801875
1.114962323,0.608156428,9.211641864
-1.303242754,-1.742356198,-105.610365
-0.452350276,-1.446421064,-64.49409156
-0.231101608,-0.879160629,-4.326032374
0.626564251,0.038908706,7.366985287
-1.2406246,0.209849478,16.21261787
-0.631903758,1.181378601,18.2878001
-0.481027118,-0.62808756,-40.34617134
1.065315492,0.753991467,19.35285238
1.947098643,-1.365162877,-28.86858514
-0.882418819,1.319136876,61.25311776
-0.137839179,1.098303541,73.54024153
0.892473887,0.55596268,-4.175141464
-0.18883478,1.600267819,57.56384778
0.496000946,1.128594065,40.40022431
0.781198102,-1.156182432,-54.28204272
0.896248425,-0.182904981,-9.606545861
1.673985707,-1.000330349,-73.45291261
0.27279639,-0.470742498,-31.15795732
0.019279385,-0.101697275,-17.68623079
-0.332811765,0.568458919,62.43997882
-1.472322928,-0.400348815,-30.91966567
-1.449117611,-0.813794483,-46.76332866
0.042539074,0.021857358,-6.015705772
-0.643257602,1.587761524,71.15919899
0.978567297,0.286012527,34.10161057
-0.802253172,-1.797164615,-74.53839959
-0.993123611,0.280441705,7.70072187
0.880511199,0.191450872,22.44086094
2.211304333,0.913201924,12.90390965
0.156348969,-0.347912149,8.767266578
0.150115227,-0.642952553,-36.23133537
-0.660608594,-0.300783876,-36.34779354
-1.022564391,1.059027254,38.31132334
0.479095224,1.03909644,45.80941835
0.520040615,0.317160626,-1.966173686
0.572751367,-0.431096338,-9.248237735
-0.001385043,-0.05613302,-1.532991741
-0.738030909,-0.024326124,-37.66579719
1.36759724,-0.090382007,-10.89385713
-1.063695591,0.559298981,47.37143318
0.647967791,1.584820527,63.59598803
-0.280355495,-0.440922632,-25.65300066
-0.942093589,-0.835856067,-22.32442799
1.22244507,-0.403176947,-52.12149344
-0.112465983,-1.688230028,-57.04319598
-0.403459183,-0.412271755,-27.70183349
0.021351224,-0.499016638,-9.804714077
